[
  {
    "dimension": -1,
    "ores": [
      {
        "block": "minecraft:quartz_ore",
        "size": 0,
        "variation": 0,
        "frequency": 0,
        "min_height": 0,
        "max_height": 1
      }
    ]
  },
  {
    "ores": [
      {
        "block": "arsmagica2:ore",
        "size": 0,
        "variation": 0,
        "frequency": 0,
        "min_height": 0,
        "max_height": 1
      },
      {
        "block": "arsmagica2:ore:1",
        "size": 0,
        "variation": 0,
        "frequency": 0,
        "min_height": 0,
        "max_height": 1
      },
      {
        "block": "arsmagica2:ore:2",
        "size": 0,
        "variation": 0,
        "frequency": 0,
        "min_height": 0,
        "max_height": 1
      },
      {
        "block": "arsmagica2:ore:3",
        "size": 0,
        "variation": 0,
        "frequency": 0,
        "min_height": 0,
        "max_height": 1
      },
      {
        "block": "minecraft:lava",
        "size": 0,
        "variation": 50,
        "frequency": 0,
        "min_height": 0,
        "max_height": 1
      },
      {
        "block": "minecraft:water",
        "size": 0,
        "variation": 50,
        "frequency": 0,
        "min_height": 0,
        "max_height": 1
      }
    ]
  }
]
